{"cameraMode":{"drawMode":0,"name":"Shaded","section":"Shading Mode"},"sceneLighting":true,"audioPlay":false,"sceneViewState":{"showFog":false,"showMaterialUpdate":false,"showSkybox":false,"showFlares":false,"showImageEffects":false,"showParticleSystems":false},"in2DMode":false,"pivot":{"x":0.1248331367969513,"y":-2.7913455963134767,"z":0.6830707788467407},"rotation":{"x":0.00020524993306025863,"y":0.731478214263916,"z":-0.6818658709526062,"w":0.00021997308067511767},"size":6.917691230773926,"orthographic":false}